Home,About Us (Designation),Notice Board,Departments,Membership,Institution,Gallary,News Portal,Contact Us
,,,Treasury,Life Member,Bangladesh Army,,Shows,join us
,Chairman Massage,,Alumni Affairs,General Member,Department of Military Lands & Cantonments,,News,
,Founders' Council,,Branding & Merchandising,Associate Member,Bangladesh Navy,,Events,
,Advisory Council,,Cantonment Institutional Affairs,Honourary Member,Bangladesh Air Force,,,
,Central Executive Board,,Cultural & Sports Affairs,,,,,
,Board of Directors',,Disaster Management and Relief Affairs,,,,,
,Officers',,Education,,,,,
,Units,,Foreign Affairs,,,,,
,,,Health & Family Welfare Affairs,,,,,
,,,Information & Technology Affairs,,,,,
,,,Land & Logistics Affairs,,,,,
,,,Law & Justice Affairs,,,,,
,,,Media & Publication Affairs,,,,,
,,,Membership Affairs,,,,,
,,,Military Affairs,,,,,
,,,Public Relations Affairs,,,,,
,,,Research & Entrepreneurship Affairs,,,,,
,,,University Affairs,,,,,